id,title,url,slug,date,excerpt
1,10 Ai Trends In 2025,https://learnprompting.org/blog/10-ai-trends-in-2025,10-ai-trends-in-2025,,
2,Agentic Ai At Zoom,https://learnprompting.org/blog/agentic-ai-at-zoom,agentic-ai-at-zoom,,
3,Agntcy Open Standard For Agent Interoperability,https://learnprompting.org/blog/agntcy-open-standard-for-agent-interoperability,agntcy-open-standard-for-agent-interoperability,,
4,Ai Future ,https://learnprompting.org/blog/ai_future_,ai_future_,,
5,Ai Agents Courses,https://learnprompting.org/blog/ai-agents-courses,ai-agents-courses,,
6,Ai And Machine Learning Courses,https://learnprompting.org/blog/ai-and-machine-learning-courses,ai-and-machine-learning-courses,,
7,Ai Architect Courses,https://learnprompting.org/blog/ai-architect-courses,ai-architect-courses,,
8,Ai Art Prompts,https://learnprompting.org/blog/ai-art-prompts,ai-art-prompts,,
9,Ai Business Courses,https://learnprompting.org/blog/ai-business-courses,ai-business-courses,,
10,Ai Compliance Courses And Certifications,https://learnprompting.org/blog/ai-compliance-courses-and-certifications,ai-compliance-courses-and-certifications,,
11,Ai Courses For Customer Support,https://learnprompting.org/blog/ai-courses-for-customer-support,ai-courses-for-customer-support,,
12,Ai Courses For Hr Professionals,https://learnprompting.org/blog/ai-courses-for-hr-professionals,ai-courses-for-hr-professionals,,
13,Ai Few Shot Prompts,https://learnprompting.org/blog/ai-few-shot-prompts,ai-few-shot-prompts,,
14,Ai Gets Smarter By Knowing When To Shut Up,https://learnprompting.org/blog/ai-gets-smarter-by-knowing-when-to-shut-up,ai-gets-smarter-by-knowing-when-to-shut-up,,
15,Ai Image Generator Prompts,https://learnprompting.org/blog/ai-image-generator-prompts,ai-image-generator-prompts,,
16,Ai In Healthcare Courses And Certifications,https://learnprompting.org/blog/ai-in-healthcare-courses-and-certifications,ai-in-healthcare-courses-and-certifications,,
17,Ai Integration Into Everyday Life,https://learnprompting.org/blog/ai-integration-into-everyday-life,ai-integration-into-everyday-life,,
18,Ai Marketing Courses And Certifications,https://learnprompting.org/blog/ai-marketing-courses-and-certifications,ai-marketing-courses-and-certifications,,
19,Ai Programming And Developer Courses Certifications,https://learnprompting.org/blog/ai-programming-and-developer-courses-certifications,ai-programming-and-developer-courses-certifications,,
20,Ai Prompt Business Planning Strategy,https://learnprompting.org/blog/ai-prompt-business-planning-strategy,ai-prompt-business-planning-strategy,,
21,Ai Prompt Customer Service,https://learnprompting.org/blog/ai-prompt-customer-service,ai-prompt-customer-service,,
22,Ai Prompt Educators,https://learnprompting.org/blog/ai-prompt-educators,ai-prompt-educators,,
23,Ai Prompt Language Learning,https://learnprompting.org/blog/ai-prompt-language-learning,ai-prompt-language-learning,,
24,Ai Prompt Marketing,https://learnprompting.org/blog/ai-prompt-marketing,ai-prompt-marketing,,
25,Ai Prompt Sales,https://learnprompting.org/blog/ai-prompt-sales,ai-prompt-sales,,
26,Ai Prompts Coding,https://learnprompting.org/blog/ai-prompts-coding,ai-prompts-coding,,
27,Ai Prompts Researchers,https://learnprompting.org/blog/ai-prompts-researchers,ai-prompts-researchers,,
28,Ai Red Teaming Courses,https://learnprompting.org/blog/ai-red-teaming-courses,ai-red-teaming-courses,,
29,Ai Risk Management Courses Top Certifications,https://learnprompting.org/blog/ai-risk-management-courses-top-certifications,ai-risk-management-courses-top-certifications,,
30,Ai Scientist Generates Its First Peer Reviewed Scientific Publication,https://learnprompting.org/blog/ai-scientist-generates-its-first-peer-reviewed-scientific-publication,ai-scientist-generates-its-first-peer-reviewed-scientific-publication,,
31,Ai Skills Non Techies,https://learnprompting.org/blog/ai-skills-non-techies,ai-skills-non-techies,,
32,Ai Spreadsheet Tools,https://learnprompting.org/blog/ai-spreadsheet-tools,ai-spreadsheet-tools,,
33,Ai That Feels Like A Real Person,https://learnprompting.org/blog/ai-that-feels-like-a-real-person,ai-that-feels-like-a-real-person,,
34,Ai That Learns By Watching You,https://learnprompting.org/blog/ai-that-learns-by-watching-you,ai-that-learns-by-watching-you,,
35,Ai Tools For Chatting With Pdfs,https://learnprompting.org/blog/ai-tools-for-chatting-with-pdfs,ai-tools-for-chatting-with-pdfs,,
36,Ai Tools For Code,https://learnprompting.org/blog/ai-tools-for-code,ai-tools-for-code,,
37,Ai Tools For Customer Support,https://learnprompting.org/blog/ai-tools-for-customer-support,ai-tools-for-customer-support,,
38,Ai Tools For Data Analysis,https://learnprompting.org/blog/ai-tools-for-data-analysis,ai-tools-for-data-analysis,,
39,Ai Tools For Graphic Designers,https://learnprompting.org/blog/ai-tools-for-graphic-designers,ai-tools-for-graphic-designers,,
40,Ai Tools For Legal Professionals,https://learnprompting.org/blog/ai-tools-for-legal-professionals,ai-tools-for-legal-professionals,,
41,Ai Tools For Presentations,https://learnprompting.org/blog/ai-tools-for-presentations,ai-tools-for-presentations,,
42,Ai Tools For Product Managers,https://learnprompting.org/blog/ai-tools-for-product-managers,ai-tools-for-product-managers,,
43,Ai Tools For Sales Teams,https://learnprompting.org/blog/ai-tools-for-sales-teams,ai-tools-for-sales-teams,,
44,Ai Tools For Security Professionals,https://learnprompting.org/blog/ai-tools-for-security-professionals,ai-tools-for-security-professionals,,
45,Ai Tools Meeting Notes,https://learnprompting.org/blog/ai-tools-meeting-notes,ai-tools-meeting-notes,,
46,Ai Tools Productivity,https://learnprompting.org/blog/ai-tools-productivity,ai-tools-productivity,,
47,Ai Video Creation Courses,https://learnprompting.org/blog/ai-video-creation-courses,ai-video-creation-courses,,
48,Ai Video Generation Tools,https://learnprompting.org/blog/ai-video-generation-tools,ai-video-generation-tools,,
49,Ai2 Code Scientist,https://learnprompting.org/blog/ai2-code-scientist,ai2-code-scientist,,
50,Ai2 Paper Finder,https://learnprompting.org/blog/ai2-paper-finder,ai2-paper-finder,,
51,Ai2 Released Olmo2 32B,https://learnprompting.org/blog/ai2-released-olmo2-32b,ai2-released-olmo2-32b,,
52,Ai21 Labs Maestro,https://learnprompting.org/blog/ai21-labs-maestro,ai21-labs-maestro,,
53,Alibaba Qwq 32B Is Open Source,https://learnprompting.org/blog/alibaba-qwq-32b-is-open-source,alibaba-qwq-32b-is-open-source,,
54,Amazon Introduces Nova Act,https://learnprompting.org/blog/amazon-introduces-nova-act,amazon-introduces-nova-act,,
55,Announce Hackaprompt 1,https://learnprompting.org/blog/announce-hackaprompt-1,announce-hackaprompt-1,,
56,Announce Hackaprompt 2,https://learnprompting.org/blog/announce-hackaprompt-2,announce-hackaprompt-2,,
57,Anthropic Ceo Ai Insights,https://learnprompting.org/blog/anthropic-ceo-ai-insights,anthropic-ceo-ai-insights,,
58,Anthropic Ceo On The New Era Of Ai Powered Hacking,https://learnprompting.org/blog/anthropic-ceo-on-the-new-era-of-ai-powered-hacking,anthropic-ceo-on-the-new-era-of-ai-powered-hacking,,
59,Apple Intelligence,https://learnprompting.org/blog/apple_intelligence,apple_intelligence,,
60,Apple Intelligence Ai Privacy,https://learnprompting.org/blog/apple-intelligence-ai-privacy,apple-intelligence-ai-privacy,,
61,Apple Intelligence Guide,https://learnprompting.org/blog/apple-intelligence-guide,apple-intelligence-guide,,
62,Apple Intelligence Responsible Ai,https://learnprompting.org/blog/apple-intelligence-responsible-ai,apple-intelligence-responsible-ai,,
63,Asi,https://learnprompting.org/blog/asi,asi,,
64,Best Free Ai Image Generator,https://learnprompting.org/blog/best-free-ai-image-generator,best-free-ai-image-generator,,
65,Certified Ethical Hacker Courses,https://learnprompting.org/blog/certified-ethical-hacker-courses,certified-ethical-hacker-courses,,
66,Chatgpt Intro Courses,https://learnprompting.org/blog/chatgpt-intro-courses,chatgpt-intro-courses,,
67,Chatgpt On Macos Can Now Directly Edit Code,https://learnprompting.org/blog/chatgpt-on-macos-can-now-directly-edit-code,chatgpt-on-macos-can-now-directly-edit-code,,
68,Chinas Autonomous Agent Manus,https://learnprompting.org/blog/chinas-autonomous-agent-manus,chinas-autonomous-agent-manus,,
69,Claude 3.7,https://learnprompting.org/blog/claude-3.7,claude-3.7,,
70,Claude Can Now Search Web,https://learnprompting.org/blog/claude-can-now-search-web,claude-can-now-search-web,,
71,Claude Can Now Write And Run Code,https://learnprompting.org/blog/claude-can-now-write-and-run-code,claude-can-now-write-and-run-code,,
72,Claude Think Tool,https://learnprompting.org/blog/claude-think-tool,claude-think-tool,,
73,Cloud Security Courses For Beginners,https://learnprompting.org/blog/cloud-security-courses-for-beginners,cloud-security-courses-for-beginners,,
74,Cohere Command A,https://learnprompting.org/blog/cohere-command-a,cohere-command-a,,
75,Context Manipulation Attacks In Ai Agents Blockchain,https://learnprompting.org/blog/context-manipulation-attacks-in-ai-agents-blockchain,context-manipulation-attacks-in-ai-agents-blockchain,,
76,Cybersecurity Analyst Courses,https://learnprompting.org/blog/cybersecurity-analyst-courses,cybersecurity-analyst-courses,,
77,Cybersecurity Architect Courses,https://learnprompting.org/blog/cybersecurity-architect-courses,cybersecurity-architect-courses,,
78,Cybersecurity Incident Response Courses,https://learnprompting.org/blog/cybersecurity-incident-response-courses,cybersecurity-incident-response-courses,,
79,Cybersecurity Threat Hunting Courses,https://learnprompting.org/blog/cybersecurity-threat-hunting-courses,cybersecurity-threat-hunting-courses,,
80,Defcon,https://learnprompting.org/blog/defcon,defcon,,
81,Emploee Security Training Courses And Certifications For Companies,https://learnprompting.org/blog/emploee-security-training-courses-and-certifications-for-companies,emploee-security-training-courses-and-certifications-for-companies,,
82,Free Ai Courses,https://learnprompting.org/blog/free-ai-courses,free-ai-courses,,
83,Fun Tuning Prompt Hacking Gemini By Exploiting Gemini Free Api,https://learnprompting.org/blog/fun-tuning-prompt-hacking-gemini-by-exploiting-gemini-free-api,fun-tuning-prompt-hacking-gemini-by-exploiting-gemini-free-api,,
84,Gemini Native Img,https://learnprompting.org/blog/gemini_native_img,gemini_native_img,,
85,Gemini Pro Update,https://learnprompting.org/blog/gemini_pro_update,gemini_pro_update,,
86,Generative Ai Courses,https://learnprompting.org/blog/generative-ai-courses,generative-ai-courses,,
87,Google Io 2025 Recap,https://learnprompting.org/blog/google_io_2025_recap,google_io_2025_recap,,
88,Google Acquired Wiz,https://learnprompting.org/blog/google-acquired-wiz,google-acquired-wiz,,
89,Google Ai Co Scientist,https://learnprompting.org/blog/google-ai-co-scientist,google-ai-co-scientist,,
90,Google Ai Co Scientist Prompts,https://learnprompting.org/blog/google-ai-co-scientist-prompts,google-ai-co-scientist-prompts,,
91,Google Data Science Agent,https://learnprompting.org/blog/google-data-science-agent,google-data-science-agent,,
92,Google Gemini 2 5 Model Thinking,https://learnprompting.org/blog/google-gemini-2-5-model-thinking,google-gemini-2-5-model-thinking,,
93,Google Gemini Canvas And Audio Overview,https://learnprompting.org/blog/google-gemini-canvas-and-audio-overview,google-gemini-canvas-and-audio-overview,,
94,Google Gemini Robotics,https://learnprompting.org/blog/google-gemini-robotics,google-gemini-robotics,,
95,Google Gemma 3 Introduced,https://learnprompting.org/blog/google-gemma-3-introduced,google-gemma-3-introduced,,
96,Governance Risk And Compliance Courses,https://learnprompting.org/blog/governance-risk-and-compliance-courses,governance-risk-and-compliance-courses,,
97,Gpt Wrappers,https://learnprompting.org/blog/gpt_wrappers,gpt_wrappers,,
98,Gpt 4 5,https://learnprompting.org/blog/gpt-4-5,gpt-4-5,,
99,Guide Ai Studio,https://learnprompting.org/blog/guide_ai_studio,guide_ai_studio,,
100,Guide Bolt,https://learnprompting.org/blog/guide-bolt,guide-bolt,,
101,Guide Chatgpt,https://learnprompting.org/blog/guide-chatgpt,guide-chatgpt,,
102,Guide Deepseek Chatbot,https://learnprompting.org/blog/guide-deepseek-chatbot,guide-deepseek-chatbot,,
103,Guide Elevenlabs,https://learnprompting.org/blog/guide-elevenlabs,guide-elevenlabs,,
104,Guide Google Gemini,https://learnprompting.org/blog/guide-google-gemini,guide-google-gemini,,
105,Guide Grok,https://learnprompting.org/blog/guide-grok,guide-grok,,
106,Guide Openai 4O Image Generation,https://learnprompting.org/blog/guide-openai-4o-image-generation,guide-openai-4o-image-generation,,
107,Guide Openai Chatgpt Image Library,https://learnprompting.org/blog/guide-openai-chatgpt-image-library,guide-openai-chatgpt-image-library,,
108,Guide Perplexity,https://learnprompting.org/blog/guide-perplexity,guide-perplexity,,
109,Guide Runwayml,https://learnprompting.org/blog/guide-runwayml,guide-runwayml,,
110,Guide Suno,https://learnprompting.org/blog/guide-suno,guide-suno,,
111,Guide To Chain Of Thought Part One,https://learnprompting.org/blog/guide-to-chain-of-thought-part-one,guide-to-chain-of-thought-part-one,,
112,Hackaprompt 1 Results,https://learnprompting.org/blog/hackaprompt-1-results,hackaprompt-1-results,,
113,Hedra Studio Character 3,https://learnprompting.org/blog/hedra-studio-character-3,hedra-studio-character-3,,
114,How To Use Generative Ai For Code,https://learnprompting.org/blog/how_to_use_generative_AI_for_code,how_to_use_generative_AI_for_code,,
115,How People Use Ai At Work,https://learnprompting.org/blog/how-people-use-ai-at-work,how-people-use-ai-at-work,,
116,How People Use Ai Tools For Writing Every Day,https://learnprompting.org/blog/how-people-use-ai-tools-for-writing-every-day,how-people-use-ai-tools-for-writing-every-day,,
117,How To Use Openai Canvas Chatgpt,https://learnprompting.org/blog/how-to-use-openai-canvas-chatgpt,how-to-use-openai-canvas-chatgpt,,
118,How To Use Openai Chatgpt Advanced Voice Mode,https://learnprompting.org/blog/how-to-use-openai-chatgpt-advanced-voice-mode,how-to-use-openai-chatgpt-advanced-voice-mode,,
119,How To Use Openai Chatgpt Projects,https://learnprompting.org/blog/how-to-use-openai-chatgpt-projects,how-to-use-openai-chatgpt-projects,,
120,How To Use Openai Chatgpt Search,https://learnprompting.org/blog/how-to-use-openai-chatgpt-search,how-to-use-openai-chatgpt-search,,
121,Hunyuan T1,https://learnprompting.org/blog/hunyuan-t1,hunyuan-t1,,
122,Ideogram 3 0,https://learnprompting.org/blog/ideogram-3-0,ideogram-3-0,,
123,Ignore Previous Instructions,https://learnprompting.org/blog/ignore_previous_instructions,ignore_previous_instructions,,
124,Inceptionlabs Mercury,https://learnprompting.org/blog/inceptionlabs-mercury,inceptionlabs-mercury,,
125,Injection Jailbreaking,https://learnprompting.org/blog/injection_jailbreaking,injection_jailbreaking,,
126,Is Prompt Engineering Dead,https://learnprompting.org/blog/is_prompt_engineering_dead,is_prompt_engineering_dead,,
127,It Certification Courses,https://learnprompting.org/blog/it-certification-courses,it-certification-courses,,
128,Large Language Diffusion Models,https://learnprompting.org/blog/large-language-diffusion-models,large-language-diffusion-models,,
129,Large Language Models Courses,https://learnprompting.org/blog/large-language-models-courses,large-language-models-courses,,
130,Llm Parameters,https://learnprompting.org/blog/llm-parameters,llm-parameters,,
131,Lumalabs Camera Motion Concepts,https://learnprompting.org/blog/lumalabs-camera-motion-concepts,lumalabs-camera-motion-concepts,,
132,Meta Head Of Business Ai On Ai Business Tools And Agents,https://learnprompting.org/blog/meta-head-of-business-ai-on-ai-business-tools-and-agents,meta-head-of-business-ai-on-ai-business-tools-and-agents,,
133,Microsoft Ai Copilot Exposing Code From Private Github Repositories,https://learnprompting.org/blog/microsoft-ai-copilot-exposing-code-from-private-github-repositories,microsoft-ai-copilot-exposing-code-from-private-github-repositories,,
134,Microsoft Security Copilot Agets,https://learnprompting.org/blog/microsoft-security-copilot-agets,microsoft-security-copilot-agets,,
135,Mistral Ocr,https://learnprompting.org/blog/mistral-ocr,mistral-ocr,,
136,Mistral Small 3 1,https://learnprompting.org/blog/mistral-small-3-1,mistral-small-3-1,,
137,Multimodal Ai Boom,https://learnprompting.org/blog/multimodal-ai-boom,multimodal-ai-boom,,
138,Notebooklm Guide,https://learnprompting.org/blog/notebooklm-guide,notebooklm-guide,,
139,Notebooklm Interactive Mind Maps,https://learnprompting.org/blog/notebooklm-interactive-mind-maps,notebooklm-interactive-mind-maps,,
140,Nvidia Isaac Gr00T N1,https://learnprompting.org/blog/nvidia-isaac-gr00t-n1,nvidia-isaac-gr00t-n1,,
141,Open Source Ai Frameworks,https://learnprompting.org/blog/open-source-ai-frameworks,open-source-ai-frameworks,,
142,Openai Agents Sdk,https://learnprompting.org/blog/openai-agents-sdk,openai-agents-sdk,,
143,Openai Api Works With Pdfs,https://learnprompting.org/blog/openai-api-works-with-pdfs,openai-api-works-with-pdfs,,
144,Openai Audio Models Api,https://learnprompting.org/blog/openai-audio-models-api,openai-audio-models-api,,
145,Openai Cpo On The Future Of Ai,https://learnprompting.org/blog/openai-cpo-on-the-future-of-ai,openai-cpo-on-the-future-of-ai,,
146,Openai Deep Research,https://learnprompting.org/blog/openai-deep-research,openai-deep-research,,
147,Openai New Image Generation Model Competes With Studios,https://learnprompting.org/blog/openai-new-image-generation-model-competes-with-studios,openai-new-image-generation-model-competes-with-studios,,
148,Openai New Tools For Building Agents,https://learnprompting.org/blog/openai-new-tools-for-building-agents,openai-new-tools-for-building-agents,,
149,Openai O1 Pro,https://learnprompting.org/blog/openai-o1-pro,openai-o1-pro,,
150,Openai Plans A New Open Model,https://learnprompting.org/blog/openai-plans-a-new-open-model,openai-plans-a-new-open-model,,
151,Openai Solution Reward Hacking,https://learnprompting.org/blog/openai-solution-reward-hacking,openai-solution-reward-hacking,,
152,Penetration Testing Courses,https://learnprompting.org/blog/penetration-testing-courses,penetration-testing-courses,,
153,Perplexity Use Cases,https://learnprompting.org/blog/perplexity_use_cases,perplexity_use_cases,,
154,Prompt Engineering Courses,https://learnprompting.org/blog/prompt_engineering_courses,prompt_engineering_courses,,
155,Prompt Poetry,https://learnprompting.org/blog/prompt_poetry,prompt_poetry,,
156,Prompt Engineering Vs Fine Tuning,https://learnprompting.org/blog/prompt-engineering-vs-fine-tuning,prompt-engineering-vs-fine-tuning,,
157,Prompt Injection Exploits In Chatgpt Operator,https://learnprompting.org/blog/prompt-injection-exploits-in-chatgpt-operator,prompt-injection-exploits-in-chatgpt-operator,,
158,Prompt Injection Hacking Chatgpt Memories,https://learnprompting.org/blog/prompt-injection-hacking-chatgpt-memories,prompt-injection-hacking-chatgpt-memories,,
159,R1 Omni Explainable Omni‐Multimodal Emotion Recognition With Reinforcing Learning,https://learnprompting.org/blog/r1-omni-explainable-omni‐multimodal-emotion-recognition-with-reinforcing-learning,r1-omni-explainable-omni‐multimodal-emotion-recognition-with-reinforcing-learning,,
160,Rag Courses,https://learnprompting.org/blog/rag-courses,rag-courses,,
161,Resources Latest Research Papers,https://learnprompting.org/blog/resources_latest_research_papers,resources_latest_research_papers,,
162,Resume Prompts,https://learnprompting.org/blog/resume_prompts,resume_prompts,,
163,Role Prompting,https://learnprompting.org/blog/role_prompting,role_prompting,,
164,Runwayml Introducing Runway Gen 4,https://learnprompting.org/blog/runwayml-introducing-runway-gen-4,runwayml-introducing-runway-gen-4,,
165,Security Courses Certifications,https://learnprompting.org/blog/security-courses-certifications,security-courses-certifications,,
166,Sesame Conversational Speech Model,https://learnprompting.org/blog/sesame-conversational-speech-model,sesame-conversational-speech-model,,
167,Sesame Conversational Speech Model Open Sourced,https://learnprompting.org/blog/sesame-conversational-speech-model-open-sourced,sesame-conversational-speech-model-open-sourced,,
168,Stability Ai Stable Virtual Camera,https://learnprompting.org/blog/stability-ai-stable-virtual-camera,stability-ai-stable-virtual-camera,,
169,State Of Ai Report 2024,https://learnprompting.org/blog/state-of-AI-report-2024,state-of-AI-report-2024,,
170,Tavus Conversational Video Interface,https://learnprompting.org/blog/tavus-conversational-video-interface,tavus-conversational-video-interface,,
171,The Prompt Report,https://learnprompting.org/blog/the_prompt_report,the_prompt_report,,
172,The First Trial Of Generative Ai Therapy Shows It Might Help,https://learnprompting.org/blog/the-first-trial-of-generative-ai-therapy-shows-it-might-help,the-first-trial-of-generative-ai-therapy-shows-it-might-help,,
173,Tips Effective Prompts,https://learnprompting.org/blog/tips-effective-prompts,tips-effective-prompts,,
174,Upgraded Anthropic Console,https://learnprompting.org/blog/upgraded-anthropic-console,upgraded-anthropic-console,,
175,Website Security Courses,https://learnprompting.org/blog/website-security-courses,website-security-courses,,
176,What Is Ai Red Teaming,https://learnprompting.org/blog/what-is-ai-red-teaming,what-is-ai-red-teaming,,
177,What Is Deepseek,https://learnprompting.org/blog/what-is-deepseek,what-is-deepseek,,
178,What Is Google Agentspace,https://learnprompting.org/blog/what-is-google-agentspace,what-is-google-agentspace,,
179,What Is Model Context Protocol,https://learnprompting.org/blog/what-is-model-context-protocol,what-is-model-context-protocol,,
180,What Is Prompt Engineering,https://learnprompting.org/blog/what-is-prompt-engineering,what-is-prompt-engineering,,
181,What Is Vibe Coding,https://learnprompting.org/blog/what-is-vibe-coding,what-is-vibe-coding,,
182,Windsurf Wave 5,https://learnprompting.org/blog/windsurf-wave-5,windsurf-wave-5,,
183,Xai Acquired Hotshot,https://learnprompting.org/blog/xai-acquired-hotshot,xai-acquired-hotshot,,
184,Xai Acquired X,https://learnprompting.org/blog/xai-acquired-x,xai-acquired-x,,
