title,url,date,excerpt
10 AI Trends in 2025 You Can't Miss,https://learnprompting.org/blog/10-ai-trends-in-2025,,"From autonomous AI and multimodal capabilities to smaller language models, accelerated product development, and chatbots with near-infinite memory."
Zoom Advances Small Language Models for Agentic AI Applications,https://learnprompting.org/blog/agentic-ai-at-zoom,,Zoom's CTO discusses how the company is developing small language models to enable AI agents that work together in a federated approach
AGNTCY: Building the Open Standard for Agent Interoperability,https://learnprompting.org/blog/agntcy-open-standard-for-agent-interoperability,,"A new coalition of tech companies has launched AGNTCY, an open standard enabling AI agents to work together across platforms."
"The Future of AI: 3 Key Takeaways from Kevin Weil, CPO at OpenAI",https://learnprompting.org/blog/ai_future_,,"Spanning AI research, industry trends, politics, and safety."
Top 15 AI Agents Courses [Free & Paid],https://learnprompting.org/blog/ai-agents-courses,,"Learn about the 15 best courses that teach how to create AI agents to automate work and save you time, money, and stress."
Best AI and Machine Learning Courses in 2025,https://learnprompting.org/blog/ai-and-machine-learning-courses,,"We examine the most effective AI and machine learning courses available in 2025, providing you with the insights needed to make an informed decision based on your specific learning goals, background, and career aspirations."
Best AI Architect Courses and Certifications,https://learnprompting.org/blog/ai-architect-courses,,"A comprehensive guide to the top AI architect courses and certifications, including detailed reviews of programs from IBM, AWS, Microsoft, and more."
Prompt Generator for Art Creation,https://learnprompting.org/blog/ai-art-prompts,,"Craft the perfect prompts for AI art generation with our comprehensive suite of prompt generators. Cover every aspect of your vision, from style and composition to lighting and effects. Optimized for various AI models and suitable for all skill levels."
Best AI Business Courses and Certifications,https://learnprompting.org/blog/ai-business-courses,,"A comprehensive guide to the top AI business courses and certifications in 2025, helping professionals and organizations navigate the AI learning landscape."
Best AI Compliance Courses and Certifications in 2025,https://learnprompting.org/blog/ai-compliance-courses-and-certifications,,"In this blog post, we'll explore the top AI compliance courses and certifications available in 2025. We'll cover a range of options, from industry-specific certifications to academic programs, to help you find the perfect fit for your career goals and organizational needs."
Best AI Courses and Certifications for Customer Support in 2025,https://learnprompting.org/blog/ai-courses-for-customer-support,,"This comprehensive guide explores the best AI courses and certifications designed specifically for customer support professionals in 2025, helping you make informed decisions about your professional development journey."
Best AI Courses & Certifications for HR Professionals in 2025,https://learnprompting.org/blog/ai-courses-for-hr-professionals,,"In this blog post, we'll explore the top AI courses and certifications designed specifically for HR professionals, helping you make informed decisions about your professional development journey."
Few-Shot Prompt Generator: Design Examples That Work,https://learnprompting.org/blog/ai-few-shot-prompts,,"Simplify few-shot prompting with our specialized generators. Craft example-based learning, chain-of-thought reasoning, and domain-specific prompts to guide AI models with precision and consistency."
AI Gets Smarter by Knowing When to Shut Up,https://learnprompting.org/blog/ai-gets-smarter-by-knowing-when-to-shut-up,,"In this week's newsletter, we're diving into the latest updates from OpenAI, Anthropic, Google, and more. Plus, we've got a special announcement about our upcoming AI Red Teaming and AI Security Masterclass."
"Image Prompt Generator: Perfect Prompts for MidJourney, DALL·E, and Stable Diffusion",https://learnprompting.org/blog/ai-image-generator-prompts,,"Create optimized prompts for AI image generation with our comprehensive prompt builder. Features specialized generators for photorealistic images, artistic styles, character design, and environments. Generate better AI art with well-crafted prompts."
Best AI in Healthcare Courses and Certifications for 2025,https://learnprompting.org/blog/ai-in-healthcare-courses-and-certifications,,"In this comprehensive guide, we explore the top AI in healthcare courses and certifications available in 2025, helping healthcare professionals enhance their skills, advance their careers, and contribute to the future of medicine."
When AI Took the Wheel: The New Engine of Everyday Life,https://learnprompting.org/blog/ai-integration-into-everyday-life,,"In this week's newsletter, we're diving into the latest updates from OpenAI, Anthropic, Google, and more. Plus, we've got a special announcement about our upcoming AI Red Teaming and AI Security Masterclass."
Best AI Marketing Courses & Certifications in 2025,https://learnprompting.org/blog/ai-marketing-courses-and-certifications,,"Explore the most valuable AI marketing courses and certifications available in 2025, comparing their content, approach, and real-world applications to help you make an informed decision about your professional development path."
Best AI Programming and Developer Courses and Certifications,https://learnprompting.org/blog/ai-programming-and-developer-courses-certifications,,"Discover top AI programming and developer courses and certifications in 2025, from AI-driven coding assistants to intelligent IDEs, helping you stay ahead of increasingly sophisticated development challenges."
Prompt Generator for Business Planning & Strategy,https://learnprompting.org/blog/ai-prompt-business-planning-strategy,,"Simplify business planning with AI-powered prompt generators. Create professional business plans, financial models, market analyses, and strategic frameworks tailored to your goals."
Prompt Generator for Customer Service Teams,https://learnprompting.org/blog/ai-prompt-customer-service,,"Create professional, empathetic customer service responses with our AI prompt generators. Tools for technical support, complaint resolution, billing support, and proactive customer communication."
"7 AI Prompts for Educators: Transform Teaching with ChatGPT, NotebookLM, Suno AI, and More",https://learnprompting.org/blog/ai-prompt-educators,,"Discover how Generative AI can transform your teaching with prompts and tools to create engaging lessons, tailored support, and save valuable time."
10 ChatGPT Prompts To Learn Any Language (Faster and Smarter),https://learnprompting.org/blog/ai-prompt-language-learning,,"Discover 10 prompts to improve vocabulary, master grammar, and practise conversations—all tailored to your language level."
Prompt Generator for Marketing Teams,https://learnprompting.org/blog/ai-prompt-marketing,,"Generate powerful marketing prompts for content creation, email campaigns, social media, SEO, analytics, and more. Our AI prompt generators help marketers create effective strategies and content across all channels."
Prompt Generator for Sales Teams,https://learnprompting.org/blog/ai-prompt-sales,,"Craft powerful sales prompts effortlessly with our customizable templates. Input your details, generate persuasive messaging, and close more deals."
Prompt Generator for Code Development,https://learnprompting.org/blog/ai-prompts-coding,,"Create optimized coding prompts with our suite of AI generators. Specialized tools for software architecture, ML development, API design, testing, and DevOps. Perfect for developers, engineers, and technical leads."
Prompt Generator for Academic Writing,https://learnprompting.org/blog/ai-prompts-researchers,,"Streamline your academic writing with specialized AI prompt generators. Craft research papers, literature reviews, methodologies, and peer review responses with tools designed for researchers, academics, and students."
Top 8 Online AI Red Teaming Courses [Free & Paid],https://learnprompting.org/blog/ai-red-teaming-courses,,"Discover the top 8 AI red teaming courses to master vulnerabilities, adversarial testing, and securing AI systems, perfect for all skill levels."
Top AI Risk Management Courses and Certifications for 2025,https://learnprompting.org/blog/ai-risk-management-courses-top-certifications,,"Comprehensive guide to the best AI risk management courses and certifications for 2025, including detailed comparisons, key features, and industry-specific recommendations."
"Sakana AI's AI Scientist Creates a First-Ever Fully AI-Generated, Peer-Reviewed Publication",https://learnprompting.org/blog/ai-scientist-generates-its-first-peer-reviewed-scientific-publication,,Sakana AI's AI Scientist-v2 recently achieved a major milestone by generating its first fully AI-created scientific paper that passed the peer-review process at an ICLR workshop.
Essential AI Skills for Non-Techies,https://learnprompting.org/blog/ai-skills-non-techies,,"Discover 6 AI skills for non-techies, from prompt engineering to workflow automation, with tools like ChatGPT, Canva AI, and Zapier."
Best AI Tools for Spreadsheets in 2025: Transform Your Data Management,https://learnprompting.org/blog/ai-spreadsheet-tools,,"Discover the top AI-powered spreadsheet tools of 2025 that are revolutionizing data analysis, automating complex tasks, and boosting productivity."
AI That Feels Like A Real Person,https://learnprompting.org/blog/ai-that-feels-like-a-real-person,,"Discover how researchers are creating simulation agents that can replicate human attitudes and behaviors with 85% accuracy, and learn about the latest developments in AI agents from Microsoft, Google, and more."
AI That Learns by Watching You?,https://learnprompting.org/blog/ai-that-learns-by-watching-you,,"Plus, updates from Perplexity, Replit, ElevenLabs, and Google, must-have tools for developers, and 2 papers on the real impact of prompting—is Prompting dead or thriving?"
Best AI Tools for Chatting with PDFs in 2025,https://learnprompting.org/blog/ai-tools-for-chatting-with-pdfs,,"Discover the top AI tools that allow you to chat with PDFs, extract insights, and analyze documents efficiently. Compare features, pricing, and use cases to find the perfect tool for your needs."
Best AI Tools for Writing Code in 2025,https://learnprompting.org/blog/ai-tools-for-code,,"Discover top AI tools for writing code in 2025, from AI-driven coding assistants to intelligent IDEs, helping you stay ahead of increasingly sophisticated development challenges."
Best AI Tools for Customer Support Teams in 2025,https://learnprompting.org/blog/ai-tools-for-customer-support,,"Discover the top 10 AI tools that are revolutionizing customer support in 2025 by automating routine tasks, personalizing interactions, and providing valuable analytics."
Best AI Tools for Data Analysis,https://learnprompting.org/blog/ai-tools-for-data-analysis,,"Discover top AI tools for writing code in 2025, from AI-driven coding assistants to intelligent IDEs, helping you stay ahead of increasingly sophisticated development challenges."
Best AI Tools for Graphic Designers in 2025,https://learnprompting.org/blog/ai-tools-for-graphic-designers,,"Discover the top AI tools revolutionizing graphic design in 2025, from Designs.ai to Adobe Sensei. Learn how these platforms enhance creativity and streamline workflows."
Best AI Tools for Legal Professionals in 2025,https://learnprompting.org/blog/ai-tools-for-legal-professionals,,"Discover the top AI tools transforming the legal profession in 2025, from contract analysis to legal research platforms that improve efficiency and client service."
Best AI Tools for Presentations in 2025,https://learnprompting.org/blog/ai-tools-for-presentations,,"Discover the top AI-powered presentation tools that are revolutionizing slide creation, design, and delivery in 2025."
Best AI Tools for Product Managers in 2025,https://learnprompting.org/blog/ai-tools-for-product-managers,,"Discover the 15 most effective AI tools that can transform your product management workflow in 2025, from roadmapping to user analytics and team collaboration."
Best AI Tools for Sales Teams in 2025,https://learnprompting.org/blog/ai-tools-for-sales-teams,,"Discover the top AI tools that can help sales teams increase productivity, generate more leads, and close deals faster in 2025."
Best AI Tools for Security Professionals in 2025,https://learnprompting.org/blog/ai-tools-for-security-professionals,,"Discover top AI tools for security in 2025, from AI-driven security assistant to cloud email security platform, helping you stay ahead of increasingly sophisticated attacks."
Best AI Tools for Meeting Notes in 2025,https://learnprompting.org/blog/ai-tools-meeting-notes,,"Discover the top AI-powered meeting note tools that transform your meetings with real-time transcription, smart summaries, and automated action items."
Best AI Tools for Productivity in 2025,https://learnprompting.org/blog/ai-tools-productivity,,"Discover top AI tools for productivity in 2025, from note-taking to task management, helping you streamline workflows and boost efficiency."
Best AI Video Creation Courses,https://learnprompting.org/blog/ai-video-creation-courses,,"Discover the top AI video creation courses, from beginner-friendly options to advanced filmmaking techniques. Learn about tools like Sora, Runway, and more."
Best AI Tools for Video Generation in 2025,https://learnprompting.org/blog/ai-video-generation-tools,,"Discover the top AI video generation tools of 2025, from free options to premium platforms. Learn about features, use cases, and find the perfect tool for your creative needs."
AI Makes Scientific Discoveries on Its Own: Introducing CodeScientist,https://learnprompting.org/blog/ai2-code-scientist,,"A research team develops an AI system capable of making autonomous scientific discoveries, marking a step toward automated research."
Allen Institute for AI Releases Paper Finder: A New Approach to Academic Literature Search,https://learnprompting.org/blog/ai2-paper-finder,,"Allen Institute for AI launches Paper Finder, an LLM-powered literature search system designed to mimic human research processes"
AI2 Releases OLMo 2 32B: Pushing the Boundaries of Open-Source Language Models,https://learnprompting.org/blog/ai2-released-olmo2-32b,,"Allen Institute for AI has released OLMo 2 32B, a fully open-source language model that outperforms GPT-3.5 and GPT-4o mini while using significantly less computing resources."
AI21 Labs Introduced Maestro: An AI Planning and Orchestration System,https://learnprompting.org/blog/ai21-labs-maestro,,"AI21 Labs launches Maestro, a system designed to improve reliability and control in enterprise AI applications through planning, execution, and validation capabilities."
Alibaba Open-Sources QwQ-32B: A Powerful Reasoning Model,https://learnprompting.org/blog/alibaba-qwq-32b-is-open-source,,"Alibaba's Qwen Team has open-sourced QwQ-32B, a 32-billion-parameter reasoning model with strong performance and lower compute requirements."
Amazon Releases Nova Act: A Browser-Based AI Agent Development Platform,https://learnprompting.org/blog/amazon-introduces-nova-act,,"Amazon has released Nova Act, a new AI model and SDK designed for developing automated browser-based agents, marking a significant step in practical AI automation."
Announcing HackAPrompt 1.0: The First-Ever Prompt Hacking Competition,https://learnprompting.org/blog/announce-hackaprompt-1,,"Join HackAPrompt to test your skills, hack prompts, and win part of $37,500 in prizes!"
Announcing HackAPrompt 2.0: The World’s Largest AI Red-Teaming Hackathon,https://learnprompting.org/blog/announce-hackaprompt-2,,"Join HackAPrompt 2.0, the largest AI red-teaming competition ever! Test vulnerabilities in AI systems across 5 tracks with $500K in prizes."
"10 Must-Know AI Insights from Dario Amodei, CEO of Anthropic",https://learnprompting.org/blog/anthropic-ceo-ai-insights,,"Highlights from Dario Amodei's 5-hour Lex Fridman Podcast on AI's challenges, safety, and scaling."
Anthropic CEO on the New Era of AI-Powered Hacking,https://learnprompting.org/blog/anthropic-ceo-on-the-new-era-of-ai-powered-hacking,,"Plus, Learn Prompting x US Congress, HackAPrompt 2.0 Updates, & AI Red Teaming Course"
"Inside Apple Intelligence: Key Features, Integration with ChatGPT and Privacy Concerns",https://learnprompting.org/blog/apple_intelligence,,"Plus, a Brief History of AI at Apple"
How Private Is Apple Intelligence? Here’s What You Need to Know,https://learnprompting.org/blog/apple-intelligence-ai-privacy,,"Explore how Apple ensures AI privacy with on-device processing and Private Cloud Compute, designed to keep your data safe."
A Complete Guide to Apple Intelligence: 10 Essential Features You Need to Know,https://learnprompting.org/blog/apple-intelligence-guide,,"How to use Apple Intelligence? Simplify tasks, summarize messages, rewrite text, and create custom emojis. Smarter, faster, and more fun on Apple devices!"
Apple's Ethical AI: A Deep Dive into Responsible AI Powering Apple Intelligence,https://learnprompting.org/blog/apple-intelligence-responsible-ai,,"Discover how Apple integrates Responsible AI principles into the development of Apple Foundation Models (AFM), the driving force behind Apple Intelligence."
What is Artificial Social Intelligence?,https://learnprompting.org/blog/asi,,What is Artificial Social Intelligence and how does it relate to prompt engineering and human communication.
Best Free AI Image Generators in 2025,https://learnprompting.org/blog/best-free-ai-image-generator,,"Discover the top free AI image generators of 2025! Learn how these tools can help you create stunning visuals effortlessly, no artistic skills required."
Best Certified Ethical Hacker Courses in 2025,https://learnprompting.org/blog/certified-ethical-hacker-courses,,"A comprehensive guide to the best certified ethical hacker courses available in 2025, including detailed comparisons, career opportunities, and expert insights."
Top 15 Online ChatGPT Courses [Free & Paid],https://learnprompting.org/blog/chatgpt-intro-courses,,"Explore 15 courses for learning how to master ChatGPT for everyday tasks, both personal and professional."
ChatGPT on macOS Can Now Directly Edit Code: What You Need to Know,https://learnprompting.org/blog/chatgpt-on-macos-can-now-directly-edit-code,,OpenAI's ChatGPT for macOS has received a major update that brings direct code editing to your favorite development environments.
What is Manus? The New Autonomous AI Agent,https://learnprompting.org/blog/chinas-autonomous-agent-manus,,"Manus is a new kind of general AI agent designed to go beyond chat-based interactions, delivering real-world results without continuous supervision."
Anthropic Unveils Claude 3.7 Sonnet: A Leap in AI Hybrid Reasoning,https://learnprompting.org/blog/claude-3.7,,"Anthropic introduces Claude 3.7 Sonnet, its latest AI model featuring advanced hybrid reasoning, extended thinking, and enhanced coding capabilities with Claude Code."
Anthropic Adds Web Search Capability to Claude AI Assistant,https://learnprompting.org/blog/claude-can-now-search-web,,"Anthropic has added web search functionality to its AI assistant Claude, allowing it to access current information from the internet to provide more accurate and up-to-date responses."
Claude Can Now Write and Run Code,https://learnprompting.org/blog/claude-can-now-write-and-run-code,,"Plus, new updates from Nvidia, Microsoft, and Adobe!"
Anthropic Introduces 'Think' Tool to Enhance Claude's Complex Problem-Solving Abilities,https://learnprompting.org/blog/claude-think-tool,,Anthropic has developed a new 'think' tool that significantly improves Claude's performance on complex reasoning tasks requiring multiple tool calls and policy adherence.
Best Cloud Security Courses for Beginners: Your Complete Guide for 2025,https://learnprompting.org/blog/cloud-security-courses-for-beginners,,"A comprehensive guide to the best cloud security courses for beginners in 2025, featuring detailed reviews, comparisons, and learning paths to help you start your cloud security journey."
Cohere Launches Command A: An Efficient Enterprise AI Model,https://learnprompting.org/blog/cohere-command-a,,"Cohere launches Command A, a high-performance AI model that operates efficiently on minimal hardware while delivering strong results for business applications."
New Ways to Hack AI Assistants in Blockchain: How Context Manipulation Works,https://learnprompting.org/blog/context-manipulation-attacks-in-ai-agents-blockchain,,Researchers discovered new ways to trick AI assistants in blockchain systems. Learn how these attacks work and why they matter for the future of AI security.
Best Cyber Security Analyst Courses in 2025: Top Programs for Career Success,https://learnprompting.org/blog/cybersecurity-analyst-courses,,"A comprehensive guide to the top cybersecurity analyst courses in 2025, comparing features, benefits, and suitability for different career stages."
Best Cybersecurity Architect Courses: A Complete Guide for Career Advancement in 2025,https://learnprompting.org/blog/cybersecurity-architect-courses,,"A comprehensive guide to the top cybersecurity architect courses and certifications for 2025, including detailed comparisons, career paths, and expert recommendations."
Top 7 Cybersecurity Incident Response Courses in 2025,https://learnprompting.org/blog/cybersecurity-incident-response-courses,,"Explore the top 7 cybersecurity incident response courses in 2025. From beginner to advanced levels, find the perfect training to master threat hunting and digital forensics."
Best Cybersecurity Threat Hunting Courses in 2025: Comprehensive Guide,https://learnprompting.org/blog/cybersecurity-threat-hunting-courses,,"A comprehensive guide to the top cybersecurity threat hunting courses in 2025, comparing features, benefits, and suitability for different experience levels."
What to Expect at Your First AI Red-Teaming Event: Insights from DEFCON 2024,https://learnprompting.org/blog/defcon,,Insights and tips from DEFCON 2024 on AI red-teaming to prepare for your first competition.
Best Employee Security Training Courses & Certifications for Companies,https://learnprompting.org/blog/emploee-security-training-courses-and-certifications-for-companies,,Explore the best employee security training courses and certifications for companies in 2025. Learn how to protect your organization from cyber threats and keep your data secure.
Best Free AI Courses with Certificates,https://learnprompting.org/blog/free-ai-courses,,"Discover top free AI courses with certificates in 2025, from beginner-friendly introductions to specialized technical programs, helping you build valuable skills in this rapidly evolving field."
Understanding Fun-Tuning: How Researchers Found a New Way to Hack AI Models,https://learnprompting.org/blog/fun-tuning-prompt-hacking-gemini-by-exploiting-gemini-free-api,,An explanation of how researchers discovered a systematic way to make AI models ignore their safety guardrails by exploiting fine-tuning APIs
Exporing Gemini Native Image Editing: Edit Your Photos and Images with Natural Language,https://learnprompting.org/blog/gemini_native_img,,"Learn about the features and tips for using Gemini's native image editing capabilities, which enable users to create and modify images with ease."
Gemini 2.5 Pro: The Undisputed LMSYS Champion,https://learnprompting.org/blog/gemini_pro_update,,"Learn about the features and access points for Google's Gemini 2.5 Pro model, which excels in various evaluation categories."
Top 20 Generative AI Courses [Free & Paid],https://learnprompting.org/blog/generative-ai-courses,,"Discover the 20 best online courses on generative AI, suitable for all experience levels and budgets."
Google I/O 2025: A Recap of Google's AI Announcements for 2025,https://learnprompting.org/blog/google_io_2025_recap,,"Learn about the latest developments in AI from Google I/O 2025, including Gemini 2.5, new AI tools, and updates to Google Workspace."
Google Makes Historic $32 Billion Acquisition of Cloud Security Startup Wiz,https://learnprompting.org/blog/google-acquired-wiz,,"Google has announced its largest acquisition to date, purchasing cloud security company Wiz for $32 billion in a strategic move to strengthen its position in the cloud computing market."
Google Introduces AI Co-Scientist: What Is It and How Does It Work?,https://learnprompting.org/blog/google-ai-co-scientist,,"Google introduces an AI co-scientist, a multi-agent system designed to augment the creativity and rigor of human scientists."
Prompt Templates and System Insights for Google's AI Co-Scientist,https://learnprompting.org/blog/google-ai-co-scientist-prompts,,"Learn the prompts for Google's AI co-scientist's specialized agents to generate, debate, and refine scientific hypotheses."
Google Launches Free Gemini-Powered Data Science Agent for Colab,https://learnprompting.org/blog/google-data-science-agent,,"Google launches a free Gemini-powered Data Science Agent on Colab, automating the creation of fully functional Jupyter notebooks for data analysis."
Google Releases Gemini 2.5: New AI Model with Enhanced Reasoning Capabilities,https://learnprompting.org/blog/google-gemini-2-5-model-thinking,,"Google DeepMind has introduced Gemini 2.5 Pro, a language model designed with advanced reasoning capabilities that ranks first on the LMArena benchmark."
Google Launches New Collaborative Features for Gemini: Canvas and Audio Overview,https://learnprompting.org/blog/google-gemini-canvas-and-audio-overview,,"Google expands Gemini's capabilities with two major features - Canvas for real-time document and code collaboration, and Audio Overview for converting documents into podcast-style discussions."
Google Introduces Gemini Robotics and Gemini Robotics-ER,https://learnprompting.org/blog/google-gemini-robotics,,A look at Google DeepMind's new robotics models that aim to bring AI capabilities into the physical world.
Google DeepMind Introduces Gemma 3: The Most Capable Model You Can Run on a Single GPU or TPU,https://learnprompting.org/blog/google-gemma-3-introduced,,"An overview of Google's new Gemma 3 AI model, its technical capabilities, and improvements over previous versions."
Best GRC Cybersecurity Courses for 2025: Your Complete Guide,https://learnprompting.org/blog/governance-risk-and-compliance-courses,,"A comprehensive guide to the best Governance, Risk, and Compliance (GRC) cybersecurity courses and certifications available in 2025, helping professionals make informed decisions about their professional development."
Exploring ChatGPT (GPT) Wrappers – What They Are and How They Work,https://learnprompting.org/blog/gpt_wrappers,,"Learn about GPT Wrappers, their pros, cons, and future in the fast-evolving world of generative AI."
OpenAI Announces GPT-4.5,https://learnprompting.org/blog/gpt-4-5,,"OpenAI unveiled GPT-4.5, their most advanced language model yet available to ChatGPT Pro users and developers worldwide."
A Complete Guide to Google AI Studio,https://learnprompting.org/blog/guide_ai_studio,,"Learn about Google AI Studio, its features, and how it can be used for various AI tasks, from image generation to understanding video."
Build Websites by Describing Them: Your Guide to Bolt.new,https://learnprompting.org/blog/guide-bolt,,"Learn about Bolt.new, a tool that enables users to build websites through natural language descriptions, revolutionizing the web development process."
A Complete How-To Guide to ChatGPT,https://learnprompting.org/blog/guide-chatgpt,,"Explore ChatGPT plans: Free, Plus, and Pro tiers. Compare pricing, features like GPT-4o, voice modes, custom GPTs, and more to find the best fit for you."
A Complete How-To Guide to Deepseek Chatbot,https://learnprompting.org/blog/guide-deepseek-chatbot,,"Learn how to use Deepseek, a free AI chatbot featuring advanced reasoning capabilities, internet search integration, and state-of-the-art language models."
"A Complete Guide to ElevenLabs: Create Natural, Human-Like Voices",https://learnprompting.org/blog/guide-elevenlabs,,"Discover how ElevenLabs creates realistic voices with advanced AI voice cloning technology. Effortlessly craft lifelike audio for your projects, from text-to-speech to custom voice solutions."
A Complete How-To Guide to Google Gemini,https://learnprompting.org/blog/guide-google-gemini,,"Discover Google Gemini, an AI chatbot that uses multimodal capabilities and Google Search to simplify tasks like handling text, images, and audio."
A Complete Guide to Grok AI (xAI),https://learnprompting.org/blog/guide-grok,,"Explore xAI's Grok: features, performance, and how it compares to leading AI assistants like ChatGPT and Claude"
GPT-4o Image Generation: A Complete Guide + 12 Prompt Examples,https://learnprompting.org/blog/guide-openai-4o-image-generation,,"OpenAI has released GPT-4o Image Generation, which is probably the most advanced, natively multimodal image generator to date. In this guide, we'll explore a variety of applications for GPT-4o image generation and provide detailed prompt examples to help you create the exact image you envision."
OpenAI ChatGPT Image Library: A Complete Guide to Managing Your Generated Images,https://learnprompting.org/blog/guide-openai-chatgpt-image-library,,"Learn how to use the new ChatGPT Image Library to organize, edit, and manage your AI-generated images."
A Complete How-To Guide to Perplexity AI,https://learnprompting.org/blog/guide-perplexity,,"Discover Perplexity AI, a cutting-edge conversational platform that delivers instant, trustworthy answers with source citations, redefining how we interact with information."
A Complete Guide to Runway,https://learnprompting.org/blog/guide-runwayml,,"Discover how RunwayML creates realistic videos with advanced AI video generation technology. Effortlessly craft lifelike videos for your projects, from text-to-video to custom video solutions."
A Complete How-To Guide to Suno: The Easiest Way to Create Personalized Music,https://learnprompting.org/blog/guide-suno,,"Discover how Suno AI makes music creation simple and fun. From custom soundtracks to personalized gifts, unleash your creativity with ease."
The Ultimate Guide to Chain of Thoughts (CoT): Part 1,https://learnprompting.org/blog/guide-to-chain-of-thought-part-one,,"Learn how Chain-of-Thought (CoT) prompting works, its role in improving AI reasoning, and how it’s used in models like ChatGPT."
Inside HackAPrompt 1.0: How We Tricked LLMs and What We Learned,https://learnprompting.org/blog/hackaprompt-1-results,,"600,000 Prompts Later: Lessons from HackAPrompt and the Limits of AI Defenses."
Hedra Unveils Character-3 and Hedra Studio,https://learnprompting.org/blog/hedra-studio-character-3,,"Hedra introduces Character-3 and Hedra Studio, the next generation of AI-native video creation."
How to Use Generative AI for Coding: The Ultimate Guide for Every Programmer,https://learnprompting.org/blog/how_to_use_generative_AI_for_code,,"From automated code generation to debugging, refactoring, and more."
How People Use AI at Work,https://learnprompting.org/blog/how-people-use-ai-at-work,,"Plus, the latest updates on generative AI tools from xAI, Perplexity, Adobe, OpenAI, and more."
How Are People Using AI Tools for Writing Every Day?,https://learnprompting.org/blog/how-people-use-ai-tools-for-writing-every-day,,"A comprehensive study by researchers at Stanford, the University of Washington, Emory University, and others reveals how AI tools are transforming consumer complaints, corporate communications, job postings, and even United Nations press releases."
How To Use Canvas Feature in ChatGPT?,https://learnprompting.org/blog/how-to-use-openai-canvas-chatgpt,,"Learn how to harness ChatGPT's Canvas tool for collaborative editing, text refining, coding assistance, and streamlined project workflows."
How To Use ChatGPT's Advanced Voice Mode?,https://learnprompting.org/blog/how-to-use-openai-chatgpt-advanced-voice-mode,,"Learn to engage with ChatGPT through natural speech, share visuals, and run code interactively, enhancing conversations with richer, dynamic content."
How To Use Projects in ChatGPT?,https://learnprompting.org/blog/how-to-use-openai-chatgpt-projects,,"Organize chats, files, and instructions into structured folders, creating tailored workspaces that streamline complex projects and ensure context."
How To Use ChatGPT Search?,https://learnprompting.org/blog/how-to-use-openai-chatgpt-search,,"Discover how to integrate real-time web data into ChatGPT for timely, sourced answers, streamlining research and eliminating tab hopping."
Tencent Releases Hunyuan-T1: First Ultra-Large Mamba-Powered Language Model,https://learnprompting.org/blog/hunyuan-t1,,"Tencent has released Hunyuan-T1, the first ultra-large scale Hybrid-Transformer-Mamba MoE language model designed for advanced reasoning capabilities."
Ideogram Releases Version 3.0 with Enhanced Text Rendering and Style Control,https://learnprompting.org/blog/ideogram-3-0,,"Ideogram has launched version 3.0 of its text-to-image AI model, introducing improvements in photorealism, text rendering, and style customization capabilities"
"The Viral Rise of Prompt Injection: How ""Ignore All Previous Instructions"" is Breaking AI",https://learnprompting.org/blog/ignore_previous_instructions,,Exploring the trend of prompt injection hacks and the ongoing battle to safeguard AI systems from manipulation.
Inception Introduces Mercury: A New AI Model Revolutionizing Language Generation with Diffusion Technology,https://learnprompting.org/blog/inceptionlabs-mercury,,"Inception just released Mercury, a new AI model that revolutionizes language generation with diffusion technology."
Prompt Injection vs. Jailbreaking: What's the Difference?,https://learnprompting.org/blog/injection_jailbreaking,,Explore the key differences between prompt injection and jailbreaking in AI security.
Is Prompt Engineering Dead?,https://learnprompting.org/blog/is_prompt_engineering_dead,,Exploring the future of prompt engineering. Spoiler: Mastering this skill remains essential. Discover why.
Best IT Certification Courses for 2025: Your Complete Guide to Career Success,https://learnprompting.org/blog/it-certification-courses,,"A comprehensive guide to the best IT certification courses for 2025, including detailed comparisons, costs, and career paths for each certification."
What are Large Language Diffusion with mAsking (LLaDA)? Redefining Language Generation with Diffusion Models,https://learnprompting.org/blog/large-language-diffusion-models,,"Large Language Diffusion with mAsking (LLaDA) represents a transformative shift in how language generation can be approached, by leveraging diffusion techniques originally popularized in image and audio domains."
Top 29 Online Courses for Mastering Large Language Models (LLMs) [Free & Paid],https://learnprompting.org/blog/large-language-models-courses,,"Explore the top 29 online courses to master Large Language Models (LLMs), including free and paid options, covering everything from basics to advanced techniques."
LLM Parameters Explained: A Practical Guide with Examples for OpenAI API in Python,https://learnprompting.org/blog/llm-parameters,,"Master LLM parameters like temperature, top-p, penalties, and stop sequences to optimize text generation for creative, technical, or structured tasks."
Luma Labs Introduces Camera Motion Concepts for AI Video Generation,https://learnprompting.org/blog/lumalabs-camera-motion-concepts,,Luma Labs has developed a new method for controlling camera movements in AI-generated videos through their Camera Motion Concepts technology
Meta's Vision for Business AI and AI Agents,https://learnprompting.org/blog/meta-head-of-business-ai-on-ai-business-tools-and-agents,,"Clara Shih, Meta's Head of Business AI, shared her insights on the company's AI strategy, the democratization of AI for businesses, and her personal journey in tech."
Microsoft AI Copilot Exposing Code from Private GitHub Repositories,https://learnprompting.org/blog/microsoft-ai-copilot-exposing-code-from-private-github-repositories,,"Lasso Security's investigation reveals Microsoft's AI assistant can access private GitHub repositories through cached data, raising major security concerns"
Microsoft Introduces Security Copilot Agents,https://learnprompting.org/blog/microsoft-security-copilot-agets,,Microsoft releases new AI agents for Security Copilot and updates system protections
Mistral Introduces Mistral OCR: A New Standard in Document Understanding,https://learnprompting.org/blog/mistral-ocr,,"Mistral AI launches Mistral OCR, their new document understanding solution for advanced text extraction."
Mistral AI Releases Mistral Small 3.1: A New Benchmark in Open-Source AI Models,https://learnprompting.org/blog/mistral-small-3-1,,Mistral AI unveils its latest open-source language model that outperforms competitors in its class while offering multimodal capabilities and extended context window.
The Multimodal AI Boom,https://learnprompting.org/blog/multimodal-ai-boom,,"From Google's Veo to OpenAI's Sora, the multimodal AI space is heating up. Plus, explore the future of AI and learn GenAI with 15 hands-on courses!"
A Complete How-To Guide to NotebookLM,https://learnprompting.org/blog/notebooklm-guide,,"Explore NotebookLM, Google's AI research assistant, transforming content synthesis, analysis, and creation with powerful, interactive LLM capabilities."
Google Introduces Interactive Mind Maps in NotebookLM,https://learnprompting.org/blog/notebooklm-interactive-mind-maps,,"Google has enhanced NotebookLM with a new interactive Mind Maps feature that helps users visualize, explore, and interact with their source material through branching diagrams."
NVIDIA Introduces GR00T N1: First Open Humanoid Robot Foundation Model,https://learnprompting.org/blog/nvidia-isaac-gr00t-n1,,"NVIDIA releases new technologies to advance humanoid robot development, including an open foundation model, physics engine, and data generation frameworks."
Best Open Source AI Frameworks,https://learnprompting.org/blog/open-source-ai-frameworks,,"Discover top open-source AI frameworks in 2025, from TensorFlow and PyTorch to specialized tools like Hugging Face and SpaCy, helping you build powerful AI solutions."
OpenAI Open-Sources Agents SDK: Building Agentic AI Applications,https://learnprompting.org/blog/openai-agents-sdk,,"A comprehensive guide to OpenAI's new Agents SDK, exploring its features, benefits, and practical applications for building AI-powered applications."
OpenAI API Now Works with PDF Files: A Game-Changer for Document Processing,https://learnprompting.org/blog/openai-api-works-with-pdfs,,"OpenAI has expanded its API capabilities to support PDF files as input, enabling more versatile document processing and analysis for developers."
OpenAI Releases New Speech and Text Audio Models,https://learnprompting.org/blog/openai-audio-models-api,,"OpenAI has introduced new speech-to-text and text-to-speech models in their API, providing developers with improved tools for building voice-based applications."
OpenAI's Chief Product Officer on the Future of AI,https://learnprompting.org/blog/openai-cpo-on-the-future-of-ai,,"Plus, the latest AI tools from Asana, Stability AI, Cohere, and models from IBM, Meta, DeepMind and MIT."
OpenAI Released Deep Research System Card,https://learnprompting.org/blog/openai-deep-research,,"Explore OpenAI's Deep Research system, a new agentic AI capability for conducting multi-step research across the internet, featuring autonomous web research, data analysis, and Python integration."
OpenAI's New Image Generation Model: Competing with the Studios?,https://learnprompting.org/blog/openai-new-image-generation-model-competes-with-studios,,OpenAI's GPT-4o is turning heads with image generation capabilities that come remarkably close to professional quality. The model creates visuals comparable to professional services but does it in minutes instead of hours and at a fraction of the cost. This is both exciting and a bit concerning for the creative industry.
OpenAI New Tools for Building Agents,https://learnprompting.org/blog/openai-new-tools-for-building-agents,,"OpenAI released a suite of new tools for building agents. This update has a potential to transform how developers and enterprises leverage AI for complex, multi-step tasks."
OpenAI Releases o1-Pro: A New Model Designed for Advanced Reasoning,https://learnprompting.org/blog/openai-o1-pro,,"OpenAI has released o1-Pro, its most advanced reasoning model with a 200,000 token context window and significant improvements in complex problem-solving capabilities."
"OpenAI to Release 'Very, Very Good' Open-Weight Language Model",https://learnprompting.org/blog/openai-plans-a-new-open-model,,"OpenAI CEO Sam Altman announces plans for a powerful new open-weight language model with reasoning capabilities, seeking developer input to maximize its utility."
Reward Hacking in AI: OpenAI's Chain-of-Thought Monitoring Solution,https://learnprompting.org/blog/openai-solution-reward-hacking,,How OpenAI proposes to address reward hacking in frontier reasoning models through chain-of-thought monitoring.
Best Penetration Testing Courses for 2025: Top Training Options Compared,https://learnprompting.org/blog/penetration-testing-courses,,"A comprehensive guide to the best penetration testing courses in 2025, comparing features, pricing, and target audiences to help you make an informed decision about your cybersecurity education."
14 Perplexity AI Use Cases: The Search Engine You Didn’t Know Could Do So Much,https://learnprompting.org/blog/perplexity_use_cases,,The Search Engine You Didn’t Know Could Do So Much
10 Best Online Prompt Engineering Courses [Free & Paid] with Certificates,https://learnprompting.org/blog/prompt_engineering_courses,,Make the most out of your chatbot or language model by learning prompt engineering with these online courses.
How to Prompt AI For Poetry?,https://learnprompting.org/blog/prompt_poetry,,Explore practical tips and examples.
Prompt Engineering vs. Fine-Tuning: How to Choose the Right Approach for Your Needs,https://learnprompting.org/blog/prompt-engineering-vs-fine-tuning,,Discover the differences between prompt engineering and fine-tuning as effective techniques for adapting large language models to specific tasks.
Prompt Injection Exploits in ChatGPT Operator,https://learnprompting.org/blog/prompt-injection-exploits-in-chatgpt-operator,,"A detailed analysis of how ChatGPT Operator can be exploited through prompt injection, including real-world attack scenarios and defense mechanisms."
Hacking ChatGPT's Memory System using Prompt Injection,https://learnprompting.org/blog/prompt-injection-hacking-chatgpt-memories,,"A technical analysis of ChatGPT's memory feature, its implementation, and potential security implications through prompt injection techniques."
R1-Omni: Explainable Multimodal Emotion Recognition with Reinforcement Learning,https://learnprompting.org/blog/r1-omni-explainable-omni‐multimodal-emotion-recognition-with-reinforcing-learning,,A review of Alibaba's R1-Omni model that uses reinforcement learning to improve emotion recognition across visual and audio data.
Best RAG Courses,https://learnprompting.org/blog/rag-courses,,"Discover top RAG courses for 2025, from foundational concepts to advanced implementations, helping you master retrieval-augmented generation for more accurate and contextual AI applications."
Where To Find The Latest AI Research? Top 7 Sources to Stay Updated,https://learnprompting.org/blog/resources_latest_research_papers,,Essential Platforms for AI/ML Enthusiasts and Professionals
How to Use ChatGPT for Resume Creation: 9 Applications with Prompt Templates: Your Ultimate Guide to AI-Powered Job Applications,https://learnprompting.org/blog/resume_prompts,,Your Ultimate Guide to Resume Creation with AI
Is Role Prompting Effective?,https://learnprompting.org/blog/role_prompting,,Does role prompting improve AI performance? Explore research and examples.
Runway Announces Gen-4: New AI Model for Consistent Media Generation,https://learnprompting.org/blog/runwayml-introducing-runway-gen-4,,"Runway has released Gen-4, their latest AI model focused on maintaining consistency in character and object generation across multiple scenes."
Top 6 Security Courses and Certifications of 2025,https://learnprompting.org/blog/security-courses-certifications,,"Explore the top 6 online security courses and certifications available in 2025. From AI red teaming to ethical hacking and advanced management credentials, find detailed comparisons on cost, prerequisites, and topics covered to choose the best path for your cybersecurity career."
Sesame's Conversational Speech Model: Breakthrough in AI Speech Generation,https://learnprompting.org/blog/sesame-conversational-speech-model,,"Sesame's Conversational Speech Model (CSM) is a breakthrough in AI speech generation, enabling more natural and engaging conversations with AI."
Sesame's Conversational Speech Model Now Open-Sourced,https://learnprompting.org/blog/sesame-conversational-speech-model-open-sourced,,"Sesame AI has open-sourced their Conversational Speech Model (CSM), making advanced speech synthesis technology available to developers and researchers."
Stability AI Unveils Stable Virtual Camera: Transforming 2D Images into Dynamic 3D Videos,https://learnprompting.org/blog/stability-ai-stable-virtual-camera,,"Stability AI releases Stable Virtual Camera, a breakthrough multi-view diffusion model that converts still images into 3D videos with sophisticated camera control capabilities."
Key Takeaways from State of AI Report 2024and 2025 Predictions,https://learnprompting.org/blog/state-of-AI-report-2024,,"Spanning AI research, industry trends, politics, and safety."
Tavus Introduces Emotionally Intelligent Conversational Video Interface (CVI),https://learnprompting.org/blog/tavus-conversational-video-interface,,"Tavus introduces a new Conversational Video Interface (CVI) that enables AI agents to perceive, listen, understand, and engage in dynamic, human-like conversations."
The Prompt Report: Insights from The Most Comprehensive Study of Prompting Ever Done,https://learnprompting.org/blog/the_prompt_report,,"Discover actionable insights from The Prompt Report, the most comprehensive study of 1,500+ papers and 58 prompting techniques ever done."
AI Therapy Chatbot Matches Human Therapist Results in First Clinical Trial,https://learnprompting.org/blog/the-first-trial-of-generative-ai-therapy-shows-it-might-help,,"Dartmouth researchers report that an AI therapy chatbot demonstrated effectiveness similar to human therapists in treating depression, anxiety, and eating disorder concerns in a controlled trial."
10 Tips to Write Effective AI Prompts,https://learnprompting.org/blog/tips-effective-prompts,,Learn how to write effective prompts to get precise and useful responses from AI models with these 10 expert tips.
Upgraded Anthropic Console,https://learnprompting.org/blog/upgraded-anthropic-console,,"Anthropic has updated its Console with new features for AI development, testing, and deployment. Learn about the key improvements in this platform update."
Best Website Security Courses for 2025: A Comprehensive Guide,https://learnprompting.org/blog/website-security-courses,,"Discover the top website security courses and certifications for 2025. From beginner-friendly options to advanced certifications, find the perfect path to enhance your cybersecurity skills."
What is AI Red Teaming?,https://learnprompting.org/blog/what-is-ai-red-teaming,,Explore the key differences between prompt injection and jailbreaking in AI security.
What is DeepSeek-R1? The Cutting-Edge Model Family Reshaping AI Reasoning,https://learnprompting.org/blog/what-is-deepseek,,"Explore DeepSeek-R1, the open-source AI model matching proprietary systems through innovative reinforcement learning and advanced reasoning capabilities."
What Is Google Agentspace And What's Inside?,https://learnprompting.org/blog/what-is-google-agentspace,,"Google Agentspace unites enterprise data, search, and AI agents, offering contextual insights, streamlined workflows, and potential efficiency gains."
What is the Model Context Protocol (MCP)? And Why It Matters,https://learnprompting.org/blog/what-is-model-context-protocol,,"Compete in HackAPrompt 2.0, the world's largest AI Red-Teaming competition!"
What is Prompt Engineering? How and Why Does It Work?,https://learnprompting.org/blog/what-is-prompt-engineering,,"Learn how prompt engineering works, why it matters, and how to get started. Understand the importance of phrasing your instructions, and explore techniques like few-shot prompting, chain-of-thought, and role prompting."
What Is Vibe Coding?,https://learnprompting.org/blog/what-is-vibe-coding,,"Explore vibe coding, the emerging trend where developers 'give in to the vibes' and let AI handle most coding tasks. Learn how this approach is transforming software development and what it means for the future of programming."
Codeium Releases Windsurf Wave 5: Enhanced Tab Functionality,https://learnprompting.org/blog/windsurf-wave-5,,"Codeium has released Wave 5 of its Windsurf Editor, focusing on improvements to the Tab functionality with enhanced latency, quality, and reliability at both model and system layers."
xAI Acquires Video Generation Company Hotshot,https://learnprompting.org/blog/xai-acquired-hotshot,,"Elon Musk's xAI has acquired Hotshot, a video generation startup known for developing multiple video foundation models."
xAI Acquires X in $113 Billion Stock Deal,https://learnprompting.org/blog/xai-acquired-x,,"xAI has acquired social media platform X in an all-stock transaction, combining AI development with social media infrastructure"
